insert into restaurant (id, name, address, phone_number, latitude, longitude, created_date, modified_date) values (101, '가평축협 한우명가', '경기도 가평군 가평읍 달전로 19', '031-581-1592', '37.8158443', '127.5161283', now(), now())
insert into restaurant (id, name, address, phone_number, latitude, longitude, created_date, modified_date) values (102, '청정바지락칼국수', '경기도 고양시 일산동구 일산로463번길 7', '031-912-7676', '37.8158443', '126.7753751', now(), now())
insert into restaurant (id, name, address, phone_number, latitude, longitude, created_date, modified_date) values (103, '양촌리아구', '경기도 고양시 일산서구 대화2로 152', '031-911-0430', '37.6737073', '126.7362187', now(), now())
insert into restaurant (id, name, address, phone_number, latitude, longitude, created_date, modified_date) values (104, '정통중화요리 남궁', '경기도 고양시 일산서구 일산로 682', '031-911-3702', '37.6719314', '126.7535498', now(), now())
insert into restaurant (id, name, address, phone_number, latitude, longitude, created_date, modified_date) values (105, '야구장농원', '경기도 고양시 일산동구 견달산로 351', '031-964-2884', '37.6820421', '126.8198191', now(), now())
insert into restaurant (id, name, address, phone_number, latitude, longitude, created_date, modified_date) values (106, '해원복집', '경기도 과천시 별양상가로 2', '02-504-1626', '37.6971016', '126.9920020', now(), now())
insert into restaurant (id, name, address, phone_number, latitude, longitude, created_date, modified_date) values (107, '경마장 오리집', '경기도 과천시 궁말로 20-4', '02-502-7500', '37.4276869', '127.0103285', now(), now())
insert into restaurant (id, name, address, phone_number, latitude, longitude, created_date, modified_date) values (108, '능골한우가', '경기도 광주시 오포읍 오포로 147', '031-797-0255', '37.4409409', '127.1817927', now(), now())
insert into restaurant (id, name, address, phone_number, latitude, longitude, created_date, modified_date) values (109, '수와연', '경기도 광주시 남종면 산수로 1680', '031-768-6446', '37.3456773', '127.3024465', now(), now())
insert into restaurant (id, name, address, phone_number, latitude, longitude, created_date, modified_date) values (110, '쇠뫼기', '경기도 광주시 퇴촌면 정영로 580-3', '031-767-9852', '37.4987118', '127.3510441', now(), now())

insert into food (id, name, carbohydrate, protein, fat, created_date, modified_date) values (2001, '꽃등심', 20.3, 10.4, 15.5, now(), now())
insert into food (id, name, carbohydrate, protein, fat, created_date, modified_date) values (2002, '수제비', 15.3, 14.4, 18.5, now(), now())
insert into food (id, name, carbohydrate, protein, fat, created_date, modified_date) values (2003, '아구탕', 20.3, 10.4, 15.5, now(), now())
insert into food (id, name, carbohydrate, protein, fat, created_date, modified_date) values (2004, '짬뽕', 15.3, 14.4, 18.5, now(), now())
insert into food (id, name, carbohydrate, protein, fat, created_date, modified_date) values (2005, '오리구이', 20.3, 10.4, 15.5, now(), now())
insert into food (id, name, carbohydrate, protein, fat, created_date, modified_date) values (2006, '복지리', 15.3, 14.4, 18.5, now(), now())
insert into food (id, name, carbohydrate, protein, fat, created_date, modified_date) values (2007, '오리구이', 20.3, 10.4, 15.5, now(), now())
insert into food (id, name, carbohydrate, protein, fat, created_date, modified_date) values (2008, '갈비탕', 15.3, 14.4, 18.5, now(), now())
insert into food (id, name, carbohydrate, protein, fat, created_date, modified_date) values (2009, '산야초마늘밥', 20.3, 10.4, 15.5, now(), now())
insert into food (id, name, carbohydrate, protein, fat, created_date, modified_date) values (2010, '청국장 정식', 15.3, 14.4, 18.5, now(), now())

insert into menu (id, name, restaurant_id, food_id, price, description, img_url, created_date, modified_date) values (1001, '푸른연잎한우명품꽃등심', 101, 2001, 10000, 'description', 'img_url', now(), now())
insert into menu (id, name, restaurant_id, food_id, price, description, img_url, created_date, modified_date) values (1002, '천년초들깨수제비', 102, 2002, 20000, 'description', 'img_url', now(), now())
insert into menu (id, name, restaurant_id, food_id, price, description, img_url, created_date, modified_date) values (1003, '아구탕', 103, 2003, 10000, 'description', 'img_url', now(), now())
insert into menu (id, name, restaurant_id, food_id, price, description, img_url, created_date, modified_date) values (1004, '해물고추짬뽕', 104, 2004, 20000, 'description', 'img_url', now(), now())
insert into menu (id, name, restaurant_id, food_id, price, description, img_url, created_date, modified_date) values (1005, '오리진흙구이', 105, 2005, 10000, 'description', 'img_url', now(), now())
insert into menu (id, name, restaurant_id, food_id, price, description, img_url, created_date, modified_date) values (1006, '복지리', 106, 2006, 20000, 'description', 'img_url', now(), now())
insert into menu (id, name, restaurant_id, food_id, price, description, img_url, created_date, modified_date) values (1007, '오리구이', 107, 2007, 10000, 'description', 'img_url', now(), now())
insert into menu (id, name, restaurant_id, food_id, price, description, img_url, created_date, modified_date) values (1008, '갈비탕', 108, 2008, 20000, 'description', 'img_url', now(), now())
insert into menu (id, name, restaurant_id, food_id, price, description, img_url, created_date, modified_date) values (1009, '산야초마늘밥', 109, 2009, 10000, 'description', 'img_url', now(), now())
insert into menu (id, name, restaurant_id, food_id, price, description, img_url, created_date, modified_date) values (1010, '청국장 정식', 110, 2010, 20000, 'description', 'img_url', now(), now())
